Time,Average,Median
09:01:13,0.7305282373366013,0.8588235294117647
09:07:45,0.6581928104575164,0.7686274509803922
09:09:57,0.6832966196895425,0.807843137254902
