Time,Average,Median
09:01:13,0.7305282373366013,0.8588235294117647
09:07:45,0.6581928104575164,0.7686274509803922
09:09:57,0.6832966196895425,0.807843137254902
08:47:15,0.48739271854575167,0.4823529411764706
08:47:45,0.37962020016339865,0.3215686274509804
